city,state,quarter,year,qtr,rents,prop_price,dwell_total,dwell_private,dwell_public,net_overseas,net_interstate,net_migration,wpi,employment,labor_income,gfcf_public,gfcf_private,housing_services,cash_rate,prop_price_8cities,treated,post_2017,treat_post
Adelaide,SA,1/09/2006,2006,3,79.1,75.6,2777,2629,149,3480,-1051,2429,91.5,756.1,8181,701,3599,1828,5.9133,80,0,0,0
Adelaide,SA,1/12/2006,2006,4,79.9,77,2410,2230,180,4820,-1032,3788,92.6,760,8461,663,3673,1853,6.1467,80.9,0,0,0
Adelaide,SA,1/03/2007,2007,1,80.6,81.6,2394,2248,146,2630,-784,1846,93.1,754.7,8749,613,3944,1881,6.25,84.3,0,0,0
Adelaide,SA,1/06/2007,2007,2,81.7,86.6,2914,2751,162,3350,-887,2463,94.8,756.9,8827,665,3862,1913,6.25,87.5,0,0,0
Adelaide,SA,1/09/2007,2007,3,82.2,92.4,3000,2801,199,3020,-957,2063,95.9,764.6,8810,568,3670,1935,6.4,91.2,0,0,0
Adelaide,SA,1/12/2007,2007,4,83.6,95.3,2530,2340,190,5240,-1349,3891,96.8,773,8863,738,3767,1983,6.65,91.8,0,0,0
Adelaide,SA,1/03/2008,2008,1,84.7,94.6,2967,2859,108,3720,-1023,2697,97.4,776.8,9336,697,3718,2022,6.9767,91,0,0,0
Adelaide,SA,1/06/2008,2008,2,85.7,94.5,2876,2804,73,4710,-1126,3584,98.5,778.6,9401,851,3932,2060,7.25,88.7,0,0,0
Adelaide,SA,1/09/2008,2008,3,86.8,94.2,3020,2946,73,3950,-1416,2534,99.9,788.7,9451,889,4059,2099,7.1733,87.5,0,0,0
Adelaide,SA,1/12/2008,2008,4,88.2,93.3,2737,2695,41,5570,-1146,4424,100.6,788.2,9737,910,3773,2148,5.2867,86.8,0,0,0
Adelaide,SA,1/03/2009,2009,1,89.4,95.8,2656,2598,58,3780,-708,3072,101,785.7,9687,990,4047,2192,3.6167,90.4,0,0,0
Adelaide,SA,1/06/2009,2009,2,90.4,97.6,3116,3038,77,4610,-405,4205,101.7,789.9,9666,947,3897,2234,3.02,94.4,0,0,0
Adelaide,SA,1/09/2009,2009,3,91.1,101.4,3218,3129,90,3230,-787,2443,102.3,786.1,9805,2061,4023,2258,3,99.6,0,0,0
Adelaide,SA,1/12/2009,2009,4,91.7,102.7,2857,2748,109,4360,-847,3513,103.2,791.4,9723,1448,3821,2295,3.4767,103.209,0,0,0
Adelaide,SA,1/03/2010,2010,1,92.7,104.7,3153,2882,271,2350,-666,1684,103.9,801.4,9899,1366,3778,2338,3.8267,104.6926,0,0,0
Adelaide,SA,1/06/2010,2010,2,94.3,104.4,2746,2363,383,2510,-805,1705,105.1,793.4,10195,1229,3890,2386,4.3967,103.8676,0,0,0
Adelaide,SA,1/09/2010,2010,3,94.8,105,3507,2841,666,1680,-712,968,106.3,803,10357,1451,3937,2416,4.5,102.3567,0,0,0
Adelaide,SA,1/12/2010,2010,4,95.8,103.3,2613,2301,312,2940,-397,2543,106.9,803.4,10644,1338,4059,2459,4.66,102.0289,0,0,0
Adelaide,SA,1/03/2011,2011,1,96.7,101,3341,3136,205,2050,-689,1361,107.3,804.3,10813,1322,3965,2500,4.75,101.3277,0,0,0
Adelaide,SA,1/06/2011,2011,2,98.2,100.3,2777,2458,319,2780,-854,1926,108.6,809.2,10818,1183,4314,2546,4.75,99.837,0,0,0
Adelaide,SA,1/09/2011,2011,3,98.8,100.3,2686,2523,163,2690,-857,1833,109.8,809.6,10955,1215,4059,2574,4.75,98.5878,0,0,0
Adelaide,SA,1/12/2011,2011,4,99.8,99.4,2157,2125,32,4270,-943,3327,110.5,810.3,10923,1210,4166,2606,4.52,99.1511,0,0,0
Adelaide,SA,1/03/2012,2012,1,100.4,99.9,2563,2368,195,2630,-564,2066,111,810.1,11193,1190,4468,2629,4.25,99.7699,0,0,0
Adelaide,SA,1/06/2012,2012,2,101.1,99.4,2308,2125,183,2860,-1038,1822,112.5,805.8,11535,1331,4240,2659,3.8533,100.1815,0,0,0
Adelaide,SA,1/09/2012,2012,3,101.8,100.1,2175,2047,128,2110,-1270,840,113.2,803.6,11391,1175,4153,2690,3.5,101.2338,0,0,0
Adelaide,SA,1/12/2012,2012,4,102.3,100,1726,1696,30,3980,-1269,2711,114.2,811,11495,1175,4227,2709,3.1833,103.0722,0,0,0
Adelaide,SA,1/03/2013,2013,1,102.9,100.7,2210,2088,122,2730,-1183,1547,114.7,811.3,11369,1326,4167,2735,3,105.5463,0,0,0
Adelaide,SA,1/06/2013,2013,2,103.7,101.4,2397,2227,170,3160,-974,2186,116.3,813.1,11403,1322,4136,2754,2.85,108.0979,0,0,0
Adelaide,SA,1/09/2013,2013,3,104,105.2,2312,2210,102,2270,-1318,952,117.2,799.1,11506,1213,4389,2764,2.6,111.6607,0,0,0
Adelaide,SA,1/12/2013,2013,4,104.8,106.5,2015,1925,90,4060,-837,3223,117.9,798,11578,1141,4234,2785,2.5,114.534,0,0,0
Adelaide,SA,1/03/2014,2014,1,105.2,106.7,2353,2170,183,2150,-760,1390,118.2,796.6,11580,1073,4177,2804,2.5,116.722,0,0,0
Adelaide,SA,1/06/2014,2014,2,105.7,107.3,3137,2857,280,2570,-925,1645,119.4,802.9,11720,966,4605,2820,2.5,118.7932,0,0,0
Adelaide,SA,1/09/2014,2014,3,106.1,108.6,2882,2757,124,2190,-1133,1057,120.2,804.3,11820,1088,4508,2839,2.5,121.3397,0,0,0
Adelaide,SA,1/12/2014,2014,4,106.6,109.4,2574,2460,115,4300,-937,3363,120.9,799,12018,872,4718,2860,2.5,124.7193,0,0,0
Adelaide,SA,1/03/2015,2015,1,107.1,110,3075,2964,111,2100,-1573,527,121.1,801.3,12056,913,4803,2883,2.3433,130.728,0,0,0
Adelaide,SA,1/06/2015,2015,2,107.4,111.4,2654,2599,56,2710,-1271,1439,122.2,804.9,12145,1002,4501,2904,2.0967,134.4096,0,0,0
Adelaide,SA,1/09/2015,2015,3,107.8,112.8,2653,2609,44,2150,-1973,177,123,801.1,12089,937,4647,2921,2,133.617,0,0,0
Adelaide,SA,1/12/2015,2015,4,107.9,113.5,2227,2193,35,3900,-1867,2033,123.5,806.5,12000,1032,4492,2937,2,133.0015,0,0,0
Adelaide,SA,1/03/2016,2016,1,108.3,114.6,2530,2465,64,2530,-2104,426,123.8,807.9,11992,1115,4237,2952,2,134.7943,0,0,0
Adelaide,SA,1/06/2016,2016,2,108.5,115.7,2513,2465,48,3420,-1420,2000,125,810.8,12245,1170,4098,2964,1.84,139.1809,0,0,0
Adelaide,SA,1/09/2016,2016,3,108.9,117.7,2681,2632,49,2260,-2305,-45,125.7,811.4,12160,1133,4223,2981,1.59,144.1011,0,0,0
Adelaide,SA,1/12/2016,2016,4,108.9,119.8,2545,2449,97,4220,-1346,2874,126.2,814.4,12280,1236,4314,2993,1.5,148.5361,0,0,0
Adelaide,SA,1/03/2017,2017,1,109,120.4,2131,2088,43,2280,-1229,1051,126.4,819.6,12490,1179,4747,3009,1.5,151.0589,0,1,0
Adelaide,SA,1/06/2017,2017,2,109.1,121,2506,2445,61,3570,-1202,2368,127.5,819.6,12615,3817,2088,3031,1.5,151.5675,0,1,0
Adelaide,SA,1/09/2017,2017,3,109.1,121.8,3102,3002,101,2030,-1641,389,128.1,829.4,12891,820,5225,3051,1.5,150.8515,0,1,0
Adelaide,SA,1/12/2017,2017,4,109.1,123,2317,2274,43,4710,-950,3760,128.9,830.6,13048,1578,4734,3076,1.5,150.64,0,1,0
Adelaide,SA,1/03/2018,2018,1,109.5,123.3,2818,2793,25,2400,-879,1521,129.1,842.4,13115,1553,4788,3099,1.5,149.0669,0,1,0
Adelaide,SA,1/06/2018,2018,2,109.9,123.8,2746,2703,43,4320,-704,3616,130.3,844.5,13103,1419,5101,3128,1.5,146.594,0,1,0
Adelaide,SA,1/09/2018,2018,3,110,123.9,3917,3895,22,2530,-1154,1376,131.1,840.5,13255,1558,4894,3150,1.5,142.227,0,1,0
Adelaide,SA,1/12/2018,2018,4,110.3,123.7,2500,2468,32,5170,-619,4551,131.6,845.4,13397,1720,4952,3183,1.5,139.6715,0,1,0
Adelaide,SA,1/03/2019,2019,1,110.7,122.8,2901,2873,28,3120,-836,2284,131.9,852.2,13725,1437,5109,3207,1.5,139.5349,0,1,0
Adelaide,SA,1/06/2019,2019,2,110.8,122.4,2145,2110,35,5080,-773,4307,133.3,862.8,13957,1337,5023,3231,1.4267,145.1694,0,1,0
Adelaide,SA,1/09/2019,2019,3,111,124.4,2423,2352,71,3270,-657,2613,134.1,858.1,14150,1467,4938,3249,1.0067,151.9464,0,1,0
Adelaide,SA,1/12/2019,2019,4,111.4,124.9,2350,2318,32,6560,-73,6487,134.6,854.3,14147,1393,5035,3279,0.7533,155.3741,0,1,0
Adelaide,SA,1/03/2020,2020,1,112,123.6,2301,2239,63,20,250,270,135.1,862.3,14327,1422,4955,3321,0.6433,152.0272,0,1,0
Adelaide,SA,1/06/2020,2020,2,112.1,125.9,2916,2841,75,-1230,89,-1141,135.7,825.2,14200,1388,4804,3355,0.25,152.8894,0,1,0
Adelaide,SA,1/09/2020,2020,3,111.9,129.2,2838,2727,112,-1280,162,-1118,136,845.5,14716,1418,4813,3341,0.25,159.1138,0,1,0
Adelaide,SA,1/12/2020,2020,4,112.7,134.7,2713,2593,120,-760,507,-253,136.7,859.9,14962,1515,4914,3391,0.1533,172.2885,0,1,0
Adelaide,SA,1/03/2021,2021,1,113.4,142.9,2612,2447,164,450,-828,-378,137.2,856.9,15160,1625,5472,3435,0.1,184.1787,0,1,0
Adelaide,SA,1/06/2021,2021,2,114.1,152.6,2655,2594,61,-430,675,245,138.2,878.1,15378,1785,5552,3478,0.1,193.972,0,1,0
Adelaide,SA,1/09/2021,2021,3,114.7,164.3,2801,2792,9,1960,969,2929,138.9,889.3,15626,1707,6068,3507,0.1,201.789,0,1,0
Adelaide,SA,1/12/2021,2021,4,115.5,171.2243178,2054,2027,27,8030,1239,9269,139.7,897,15955,1632,6133,3545,0.1,205.1993,0,1,0
Adelaide,SA,1/03/2022,2022,1,116.6,172.816115,3596,3524,72,4960,920,5880,140.3,900.2,16241,1677,6583,3594,0.1,201.9656,0,1,0
Adelaide,SA,1/06/2022,2022,2,118,172.2855159,3580,3509,71,7290,445,7735,142.8,907.9,16879,1553,6869,3668,0.3867,192.8721,0,1,0
Adelaide,SA,1/09/2022,2022,3,119.8,175.8139997,2945,2888,57,6020,77,6097,143.8,913,17180,1460,7137,3738,1.78,188.2401,0,1,0
Adelaide,SA,1/12/2022,2022,4,121.42,175.9731794,2333,2310,24,9710,175,9885,144.7,924.5,17337,1468,7192,3799,2.8233,190.6032,0,1,0
Adelaide,SA,1/03/2023,2023,1,123.54,184.1709349,2712,2706,6,6320,-218,6102,145.5,939.3,17749,1533,7109,3878,3.31,198.5523,0,1,0
Adelaide,SA,1/06/2023,2023,2,125.86,187.7790086,2480,2463,17,7840,-371,7469,148.4,947.3,17830,1683,7323,3987,3.8267,204.2778,0,1,0
Adelaide,SA,1/09/2023,2023,3,128.28,196.029824,3297,3262,35,4910,-537,4373,149.6,952.6,18242,1858,7431,4076,4.1,208.2138,0,1,0
Adelaide,SA,1/12/2023,2023,4,127.86,203.7500404,2412,2392,20,7300,-517,6783,150.2,950.5,18877,1936,7355,4178,4.2467,212.9412,0,1,0
Adelaide,SA,1/03/2024,2024,1,130.97,208.5254319,2971,2931,41,3300,-341,2959,151.2,944.3,19003,1996,7357,4274,4.35,217.8063,0,1,0
Adelaide,SA,1/06/2024,2024,2,133.45,216.9088971,3161,3069,92,4970,-246,4724,153.2,940.3,19190,2246,7614,4387,4.35,220.4377,0,1,0
Adelaide,SA,1/09/2024,2024,3,135.71,225.1066527,3301,3248,53,3960,-478,3482,154.2,947,19407,2251,7790,4489,4.35,219.6487,0,1,0
Brisbane,QLD,1/09/2006,2006,3,74.1,80.6,10618,10481,137,9170,7287,16457,91.7,2045.3,23461,3471,12927,5349,5.9133,80,0,0,0
Brisbane,QLD,1/12/2006,2006,4,75,83.9,9405,9236,169,14040,5623,19663,92.7,2064.8,24592,3549,13034,5442,6.1467,80.9,0,0,0
Brisbane,QLD,1/03/2007,2007,1,76.4,89.3,9845,9740,105,12110,5629,17739,93.5,2097.9,25449,3208,14276,5578,6.25,84.3,0,0,0
Brisbane,QLD,1/06/2007,2007,2,78.1,93.6,8463,8314,148,10750,4778,15528,94.6,2111.9,25865,4596,14541,5746,6.25,87.5,0,0,0
Brisbane,QLD,1/09/2007,2007,3,80,98.5,12875,12641,234,10770,5938,16708,95.7,2119.5,26533,4074,14445,5879,6.4,91.2,0,0,0
Brisbane,QLD,1/12/2007,2007,4,81.4,101.4,8541,8330,211,17950,4251,22201,96.5,2138,26645,4475,14774,6031,6.65,91.8,0,0,0
Brisbane,QLD,1/03/2008,2008,1,83.4,101.8,10185,10048,136,14430,4456,18886,97.1,2145.3,27349,4561,15618,6201,6.9767,91,0,0,0
Brisbane,QLD,1/06/2008,2008,2,85.4,97.9,10371,10237,134,15880,4450,20330,98.6,2165.2,28609,4756,16175,6388,7.25,88.7,0,0,0
Brisbane,QLD,1/09/2008,2008,3,87.9,96.2,12938,12753,186,14580,4373,18953,99.6,2197.4,28525,5400,16306,6570,7.1733,87.5,0,0,0
Brisbane,QLD,1/12/2008,2008,4,89.6,96.4,7579,7464,116,17640,3034,20674,100.6,2205.7,28705,5312,16313,6746,5.2867,86.8,0,0,0
Brisbane,QLD,1/03/2009,2009,1,91.1,99.1,8259,7982,277,11220,2857,14077,101.1,2217.5,29142,4875,15102,6894,3.6167,90.4,0,0,0
Brisbane,QLD,1/06/2009,2009,2,92.3,102.3,8811,8516,295,11200,2084,13284,102.1,2202.8,28734,4951,14553,7022,3.02,94.4,0,0,0
Brisbane,QLD,1/09/2009,2009,3,93.2,105.9,9509,9205,305,7260,2027,9287,102.8,2203.4,28845,4787,13662,7083,3,99.6,0,0,0
Brisbane,QLD,1/12/2009,2009,4,94,107.2,7308,7011,297,10640,593,11233,103.7,2203.4,29158,5366,13538,7192,3.4767,103.209,0,0,0
Brisbane,QLD,1/03/2010,2010,1,94.7,107.5,9385,8872,513,6730,1481,8211,104.4,2215.1,29527,6169,12916,7264,3.8267,104.6926,0,0,0
Brisbane,QLD,1/06/2010,2010,2,95.8,105.9,8730,8246,485,7540,1611,9151,106.1,2238.5,30663,5286,13925,7385,4.3967,103.8676,0,0,0
Brisbane,QLD,1/09/2010,2010,3,96.3,105.8,8748,7817,931,6770,1716,8486,107.1,2239,31283,5114,13901,7423,4.5,102.3567,0,0,0
Brisbane,QLD,1/12/2010,2010,4,96.8,103.9,7311,6555,757,11380,1495,12875,107.7,2260.9,32164,5367,13808,7506,4.66,102.0289,0,0,0
Brisbane,QLD,1/03/2011,2011,1,97.5,102.9,7722,7088,634,8930,1993,10923,108.4,2248.5,32493,5119,15199,7604,4.75,101.3277,0,0,0
Brisbane,QLD,1/06/2011,2011,2,98.3,100,7218,6583,635,11220,2639,13859,110,2270.3,33218,4433,17207,7696,4.75,99.837,0,0,0
Brisbane,QLD,1/09/2011,2011,3,99,100.1,7524,7365,160,9370,3272,12642,111,2275,34134,5042,18927,7743,4.75,98.5878,0,0,0
Brisbane,QLD,1/12/2011,2011,4,99.6,100.1,4693,4606,87,14160,3204,17364,111.7,2287,34719,4860,19416,7838,4.52,99.1511,0,0,0
Brisbane,QLD,1/03/2012,2012,1,100.3,99.7,8000,7726,275,11780,2679,14459,112.5,2286.5,35480,4804,19593,7931,4.25,99.7699,0,0,0
Brisbane,QLD,1/06/2012,2012,2,101.1,100.7,7557,7403,154,12850,2985,15835,113.6,2285.7,35635,5294,20420,8047,3.8533,100.1815,0,0,0
Brisbane,QLD,1/09/2012,2012,3,101.7,101.7,8326,8227,99,8480,2070,10550,114.4,2286.3,35683,5194,19988,8098,3.5,101.2338,0,0,0
Brisbane,QLD,1/12/2012,2012,4,102.3,101.6,5019,4987,32,12250,1994,14244,115.1,2282.7,36221,4936,20350,8195,3.1833,103.0722,0,0,0
Brisbane,QLD,1/03/2013,2013,1,102.8,103.1,8201,8115,86,8250,1835,10085,115.6,2297.1,36576,4535,20818,8282,3,105.5463,0,0,0
Brisbane,QLD,1/06/2013,2013,2,103.4,104.7,7484,7440,44,8260,1516,9776,116.7,2288.3,36867,4105,21098,8362,2.85,108.0979,0,0,0
Brisbane,QLD,1/09/2013,2013,3,103.9,107.5,8290,8094,196,4700,2091,6791,117.3,2309.4,36990,4604,21367,8408,2.6,111.6607,0,0,0
Brisbane,QLD,1/12/2013,2013,4,104.4,108.7,6352,6160,192,9750,916,10666,118.1,2312.1,37172,5253,20989,8496,2.5,114.534,0,0,0
Brisbane,QLD,1/03/2014,2014,1,105.1,110.9,7779,7668,111,4500,1782,6282,118.6,2313.4,37233,4352,20606,8599,2.5,116.722,0,0,0
Brisbane,QLD,1/06/2014,2014,2,105.7,111.4,10484,10310,174,5740,1654,7394,119.6,2336.1,37263,4399,20713,8692,2.5,118.7932,0,0,0
Brisbane,QLD,1/09/2014,2014,3,106.1,113.2,8610,8514,96,3030,1836,4866,120.3,2326.2,37579,4182,18741,8754,2.5,121.3397,0,0,0
Brisbane,QLD,1/12/2014,2014,4,106.5,113.5,9217,9155,62,7980,1386,9366,120.8,2306.7,37721,3830,18398,8836,2.5,124.7193,0,0,0
Brisbane,QLD,1/03/2015,2015,1,106.8,114.5,10927,10761,166,3680,1993,5673,121.1,2317.8,37913,3673,17755,8925,2.3433,130.728,0,0,0
Brisbane,QLD,1/06/2015,2015,2,107.2,116.4,8844,8729,115,4590,2122,6712,122,2334.8,38486,4250,16490,9019,2.0967,134.4096,0,0,0
Brisbane,QLD,1/09/2015,2015,3,107.3,118.4,10721,10603,118,3230,3256,6486,122.6,2344.4,38431,3878,16215,9052,2,133.617,0,0,0
Brisbane,QLD,1/12/2015,2015,4,107.6,118.6,8609,8478,131,9870,3200,13070,123.1,2370.9,38140,4036,15636,9142,2,133.0015,0,0,0
Brisbane,QLD,1/03/2016,2016,1,107.6,120,10661,10483,179,7250,3440,10690,123.4,2375.2,38549,4183,15459,9176,2,134.7943,0,0,0
Brisbane,QLD,1/06/2016,2016,2,107.7,120.4,12455,12346,109,9360,3379,12739,124.3,2353.9,39261,3967,15715,9251,1.84,139.1809,0,0,0
Brisbane,QLD,1/09/2016,2016,3,107.9,123.9,13826,13622,204,5940,4626,10566,125,2349.7,39088,3861,15921,9297,1.59,144.1011,0,0,0
Brisbane,QLD,1/12/2016,2016,4,107.8,123.7,9637,9585,52,11370,4351,15721,125.4,2352.1,39192,4279,16227,9402,1.5,148.5361,0,0,0
Brisbane,QLD,1/03/2017,2017,1,107.9,124.7,12486,12358,128,7410,5138,12548,125.8,2370,39597,4485,16034,9491,1.5,151.0589,0,1,0
Brisbane,QLD,1/06/2017,2017,2,107.7,125.5,11049,10949,99,7040,5369,12409,127,2411.6,39868,4237,16847,9590,1.5,151.5675,0,1,0
Brisbane,QLD,1/09/2017,2017,3,107.5,127.2,13579,13374,206,1810,7607,9417,127.7,2448.4,40648,4305,17178,9664,1.5,150.8515,0,1,0
Brisbane,QLD,1/12/2017,2017,4,107.4,126.2,8447,8300,146,11330,5753,17083,128.1,2465.9,41608,4382,17288,9776,1.5,150.64,0,1,0
Brisbane,QLD,1/03/2018,2018,1,107.4,127.3,11639,11521,119,7550,5834,13384,128.6,2473.9,41963,4563,17335,9874,1.5,149.0669,0,1,0
Brisbane,QLD,1/06/2018,2018,2,107.2,128.3,12494,12367,126,9590,4883,14473,129.9,2476.6,42109,4539,17885,9973,1.5,146.594,0,1,0
Brisbane,QLD,1/09/2018,2018,3,107.4,127,10324,10187,138,5260,6954,12214,130.6,2493.6,42424,4800,16994,10077,1.5,142.227,0,1,0
Brisbane,QLD,1/12/2018,2018,4,107.4,125.1,8445,8369,76,11290,5189,16479,131.1,2504.6,42633,4779,16798,10186,1.5,139.6715,0,1,0
Brisbane,QLD,1/03/2019,2019,1,107.6,124,7779,7685,95,5600,5620,11220,131.5,2508.3,43115,5179,16881,10289,1.5,139.5349,0,1,0
Brisbane,QLD,1/06/2019,2019,2,107.5,125.1,10798,10610,188,10440,5598,16038,132.6,2519.9,43679,5189,15954,10376,1.4267,145.1694,0,1,0
Brisbane,QLD,1/09/2019,2019,3,107.6,127.6,8733,8624,109,6580,6548,13128,133,2542.2,44477,5431,16508,10451,1.0067,151.9464,0,1,0
Brisbane,QLD,1/12/2019,2019,4,107.7,129,7346,7253,93,12470,5580,18050,133.8,2547.9,45086,5546,16399,10564,0.7533,155.3741,0,1,0
Brisbane,QLD,1/03/2020,2020,1,107.9,127.8,8634,8551,83,-1520,6033,4513,133.8,2554.7,45440,5436,16577,10686,0.6433,152.0272,0,1,0
Brisbane,QLD,1/06/2020,2020,2,107.1,129.8,7479,7397,82,-6800,6490,-310,134.6,2390.5,43891,5099,15178,10735,0.25,152.8894,0,1,0
Brisbane,QLD,1/09/2020,2020,3,107,133.6,7593,7459,134,-5180,8827,3647,135.1,2496.5,45554,5233,15601,10794,0.25,159.1138,0,1,0
Brisbane,QLD,1/12/2020,2020,4,107.4,139.7,6684,6612,72,-1700,6633,4933,135.7,2559.1,46184,5399,16642,10960,0.1533,172.2885,0,1,0
Brisbane,QLD,1/03/2021,2021,1,108.1,148.3,7976,7794,182,810,4006,4816,136.1,2595,46643,5213,17195,11147,0.1,184.1787,0,1,0
Brisbane,QLD,1/06/2021,2021,2,108.9,158.6,8764,8723,41,-1190,8403,7213,137.3,2628.5,48049,5741,18095,11312,0.1,193.972,0,1,0
Brisbane,QLD,1/09/2021,2021,3,110,175.8,8405,8258,147,1810,11311,13121,138.4,2652.6,49512,5603,19798,11498,0.1,201.789,0,1,0
Brisbane,QLD,1/12/2021,2021,4,110.6,183.9344584,8394,8363,31,16100,10941,27041,139.1,2671.9,50057,5174,20274,11619,0.1,205.1993,0,1,0
Brisbane,QLD,1/03/2022,2022,1,112.1,185.9202232,9280,9195,85,13830,7152,20982,140.1,2716,51887,5407,20694,11840,0.1,201.9656,0,1,0
Brisbane,QLD,1/06/2022,2022,2,113.3,181.661595,8305,8235,70,19620,6869,26489,142,2750.3,52908,5728,20935,12035,0.3867,192.8721,0,1,0
Brisbane,QLD,1/09/2022,2022,3,115.3,179.7236799,8775,8685,89,19110,10024,29134,143.1,2782.4,54415,5876,21896,12320,1.78,188.2401,0,1,0
Brisbane,QLD,1/12/2022,2022,4,117.37,181.1352477,6718,6687,31,26520,6866,33386,144.3,2784.6,56092,6323,21889,12544,2.8233,190.6032,0,1,0
Brisbane,QLD,1/03/2023,2023,1,120.22,186.0398476,9003,8913,90,21370,7678,29048,145.3,2801.3,57203,6723,22461,12921,3.31,198.5523,0,1,0
Brisbane,QLD,1/06/2023,2023,2,123.38,192.6431138,8634,8512,122,23090,7175,30265,148.7,2828.8,58153,7312,23595,13410,3.8267,204.2778,0,1,0
Brisbane,QLD,1/09/2023,2023,3,126.26,198.7439575,10679,10557,122,16360,9006,25366,150,2834.2,59647,7404,23033,13815,4.1,208.2138,0,1,0
Brisbane,QLD,1/12/2023,2023,4,126.78,205.4668481,6005,5931,74,21010,6163,27173,151,2867.6,61094,7508,23579,14199,4.2467,212.9412,0,1,0
Brisbane,QLD,1/03/2024,2024,1,130.19,214.7257757,7912,7737,174,11260,6613,17873,152,2893.2,62592,7578,23817,14569,4.35,217.8063,0,1,0
Brisbane,QLD,1/06/2024,2024,2,133.03,218.7212303,8158,8110,48,13210,5562,18772,154.5,2934.5,64265,7709,24129,14994,4.35,220.4377,0,1,0
Brisbane,QLD,1/09/2024,2024,3,135.24,224.0086282,9738,9646,92,11820,7602,19422,155.5,2931.8,65556,8153,24361,15340,4.35,219.6487,0,1,0
Melbourne,VIC,1/09/2006,2006,3,77.7,69,11053,10832,221,13010,-303,12707,92.1,2528.8,30411,2684,14129,6328,5.9133,80,0,0,0
Melbourne,VIC,1/12/2006,2006,4,78.3,70.1,10007,9924,83,22040,-554,21486,93.1,2532.2,31112,2342,13720,6426,6.1467,80.9,0,0,0
Melbourne,VIC,1/03/2007,2007,1,79.2,75.2,9600,9506,93,12630,-550,12080,93.8,2558.8,31870,2096,14414,6543,6.25,84.3,0,0,0
Melbourne,VIC,1/06/2007,2007,2,80.2,79,10042,9990,53,17510,-146,17364,94.7,2588,32580,2081,14614,6686,6.25,87.5,0,0,0
Melbourne,VIC,1/09/2007,2007,3,81.3,84.9,10189,10091,97,14290,-1299,12991,95.7,2606.3,33268,2003,15593,6814,6.4,91.2,0,0,0
Melbourne,VIC,1/12/2007,2007,4,82.5,86.3,8050,7957,94,24930,121,25051,96.6,2623.6,33890,2394,15329,6973,6.65,91.8,0,0,0
Melbourne,VIC,1/03/2008,2008,1,83.7,86.1,9022,8854,167,16830,-589,16241,97.6,2641.5,34507,2467,16335,7113,6.9767,91,0,0,0
Melbourne,VIC,1/06/2008,2008,2,85.1,83.2,9150,9114,36,22770,140,22910,98.7,2649.6,35329,3083,16002,7294,7.25,88.7,0,0,0
Melbourne,VIC,1/09/2008,2008,3,86.5,82.3,11568,11525,43,18690,113,18803,99.8,2658.5,35276,2973,15843,7441,7.1733,87.5,0,0,0
Melbourne,VIC,1/12/2008,2008,4,87.9,81.9,8903,8810,94,25870,875,26745,100.5,2656.2,35304,2976,16028,7637,5.2867,86.8,0,0,0
Melbourne,VIC,1/03/2009,2009,1,89.2,86.7,12112,11852,260,16290,405,16695,101,2655,34648,2816,15680,7806,3.6167,90.4,0,0,0
Melbourne,VIC,1/06/2009,2009,2,90.3,92.3,10764,10700,64,18990,422,19412,101.7,2650.6,34643,2574,15870,7965,3.02,94.4,0,0,0
Melbourne,VIC,1/09/2009,2009,3,91.1,98.4,12720,12659,60,10930,902,11832,102.5,2679.5,35338,3083,15370,8073,3,99.6,0,0,0
Melbourne,VIC,1/12/2009,2009,4,92.2,103.5,8540,8479,61,16230,1059,17289,103.2,2725.5,35787,4017,16241,8225,3.4767,103.209,0,0,0
Melbourne,VIC,1/03/2010,2010,1,93.1,106.5,14323,13984,338,7520,942,8462,103.7,2736.9,36777,3522,16437,8378,3.8267,104.6926,0,0,0
Melbourne,VIC,1/06/2010,2010,2,94,104.6,12099,11751,347,10270,336,10606,105.3,2736.7,37247,4021,16718,8559,4.3967,103.8676,0,0,0
Melbourne,VIC,1/09/2010,2010,3,95.1,106.2,16217,15747,470,9190,805,9995,106.2,2765.3,38636,4337,16571,8706,4.5,102.3567,0,0,0
Melbourne,VIC,1/12/2010,2010,4,95.7,104.7,10581,10242,339,15680,1331,17011,107.2,2791.6,39044,3735,16630,8864,4.66,102.0289,0,0,0
Melbourne,VIC,1/03/2011,2011,1,97,103.5,12390,11944,447,9480,1076,10556,107.9,2816,39851,3811,16639,9071,4.75,101.3277,0,0,0
Melbourne,VIC,1/06/2011,2011,2,97.7,101.4,12895,12761,135,13290,503,13793,109,2811.9,40619,3590,16568,9248,4.75,99.837,0,0,0
Melbourne,VIC,1/09/2011,2011,3,99,100.2,14750,13874,877,12600,977,13577,110,2813.6,41027,3255,16802,9421,4.75,98.5878,0,0,0
Melbourne,VIC,1/12/2011,2011,4,99.5,99.1,10811,10738,73,18390,755,19145,110.8,2816.7,41350,5448,14815,9566,4.52,99.1511,0,0,0
Melbourne,VIC,1/03/2012,2012,1,100.3,99.4,13466,12760,707,11880,172,12052,111.7,2815.5,41872,3224,16730,9700,4.25,99.7699,0,0,0
Melbourne,VIC,1/06/2012,2012,2,101.2,98.3,12284,12019,266,15670,580,16250,112.8,2853.3,41633,3249,16444,9882,3.8533,100.1815,0,0,0
Melbourne,VIC,1/09/2012,2012,3,101.6,100.2,13725,13665,60,12810,1731,14541,113.9,2847.5,41517,4267,16634,9947,3.5,101.2338,0,0,0
Melbourne,VIC,1/12/2012,2012,4,102,100.6,11487,11236,251,18900,1880,20780,114.4,2851.2,42259,7527,12416,10070,3.1833,103.0722,0,0,0
Melbourne,VIC,1/03/2013,2013,1,102.6,102.7,12235,12141,94,11650,2222,13872,115,2854.1,42728,4372,16209,10209,3,105.5463,0,0,0
Melbourne,VIC,1/06/2013,2013,2,103,106.2,12802,12520,282,16140,2049,18189,116.1,2880.1,43140,3838,16280,10319,2.85,108.0979,0,0,0
Melbourne,VIC,1/09/2013,2013,3,103.7,110.2,13374,13280,94,11800,2438,14238,116.7,2884.1,43688,3555,16609,10504,2.6,111.6607,0,0,0
Melbourne,VIC,1/12/2013,2013,4,104,111.5,10674,10442,232,19570,2652,22222,117.5,2883,44089,3414,16497,10623,2.5,114.534,0,0,0
Melbourne,VIC,1/03/2014,2014,1,104.5,113.1,13410,13206,205,9390,2592,11982,118.2,2876.5,44292,3409,16888,10755,2.5,116.722,0,0,0
Melbourne,VIC,1/06/2014,2014,2,104.8,114.3,13879,13789,90,16880,1701,18581,119.2,2887.6,44854,3824,17298,10870,2.5,118.7932,0,0,0
Melbourne,VIC,1/09/2014,2014,3,105.7,116.6,15642,15539,103,12550,3288,15838,120,2914.1,45160,3289,17491,10986,2.5,121.3397,0,0,0
Melbourne,VIC,1/12/2014,2014,4,106.5,118,12214,12172,42,20110,3103,23213,120.5,2932.5,45529,3377,18308,11160,2.5,124.7193,0,0,0
Melbourne,VIC,1/03/2015,2015,1,107.1,123.5,13826,13702,124,11160,2980,14140,121.3,2975.7,45948,3605,19042,11316,2.3433,130.728,0,0,0
Melbourne,VIC,1/06/2015,2015,2,107.5,127.5,15496,15357,139,18140,2659,20799,122.3,2985.2,46553,3683,19401,11451,2.0967,134.4096,0,0,0
Melbourne,VIC,1/09/2015,2015,3,108,129.8,16139,16064,75,14790,5196,19986,122.9,2987.6,47038,3688,19926,11545,2,133.617,0,0,0
Melbourne,VIC,1/12/2015,2015,4,108.3,131.6,9956,9934,22,24790,4598,29388,123.4,3021.6,47759,3857,20379,11700,2,133.0015,0,0,0
Melbourne,VIC,1/03/2016,2016,1,108.6,135.7,17327,17280,47,14490,5177,19667,123.9,3042.1,48535,4138,19959,11785,2,134.7943,0,0,0
Melbourne,VIC,1/06/2016,2016,2,109,138.5,14304,14248,56,24510,2432,26942,124.7,3077.5,48613,5065,19372,11920,1.84,139.1809,0,0,0
Melbourne,VIC,1/09/2016,2016,3,109.5,146.8,19717,19663,53,19100,4893,23993,125.2,3111.7,49869,4157,19900,12038,1.59,144.1011,0,0,0
Melbourne,VIC,1/12/2016,2016,4,110,152.8,14795,14769,26,31800,3945,35745,125.9,3138.6,49821,4344,20836,12206,1.5,148.5361,0,0,0
Melbourne,VIC,1/03/2017,2017,1,110.4,157.4,16854,16799,55,15820,2478,18298,126.4,3151.4,50449,5213,20571,12345,1.5,151.0589,0,1,0
Melbourne,VIC,1/06/2017,2017,2,110.9,159.9,18389,18325,63,24570,1711,26281,127.4,3184.4,51499,4664,21707,12522,1.5,151.5675,0,1,0
Melbourne,VIC,1/09/2017,2017,3,111.5,164,16864,16747,118,14940,3130,18070,128.2,3201.6,51958,5127,21874,12708,1.5,150.8515,0,1,0
Melbourne,VIC,1/12/2017,2017,4,112,163.1,12113,12022,91,30970,2456,33426,128.8,3216.6,52282,5919,20956,12904,1.5,150.64,0,1,0
Melbourne,VIC,1/03/2018,2018,1,112.8,161.5,18823,18665,158,16500,1804,18304,129.5,3228.5,53430,5848,22979,13085,1.5,149.0669,0,1,0
Melbourne,VIC,1/06/2018,2018,2,113,156.6,17497,17421,75,25570,1373,26943,130.6,3245.8,54201,5742,23920,13252,1.5,146.594,0,1,0
Melbourne,VIC,1/09/2018,2018,3,113.5,151.6,16499,16435,64,16500,2365,18865,131.6,3281.4,55175,6080,23688,13405,1.5,142.227,0,1,0
Melbourne,VIC,1/12/2018,2018,4,114,146,13368,13317,51,30510,2033,32543,132.3,3313.8,56484,5936,24212,13596,1.5,139.6715,0,1,0
Melbourne,VIC,1/03/2019,2019,1,114.6,144.5,16832,16671,161,12890,709,13599,133.2,3337.9,57429,5788,23674,13762,1.5,139.5349,0,1,0
Melbourne,VIC,1/06/2019,2019,2,114.9,149.9,16189,15977,213,25930,61,25991,134.2,3348.2,58720,5955,23226,13917,1.4267,145.1694,0,1,0
Melbourne,VIC,1/09/2019,2019,3,115.4,158.2,19036,18998,38,15740,1159,16899,135.1,3374.8,59192,6188,24055,14091,1.0067,151.9464,0,1,0
Melbourne,VIC,1/12/2019,2019,4,115.9,161.8,12721,12682,40,21410,-386,21024,135.6,3402.1,59699,6152,23937,14279,0.7533,155.3741,0,1,0
Melbourne,VIC,1/03/2020,2020,1,116.3,157.3,16764,16645,118,-2510,-3486,-5996,135.5,3395.9,60464,6331,23684,14442,0.6433,152.0272,0,1,0
Melbourne,VIC,1/06/2020,2020,2,115,156.9,15336,15263,74,-20600,-4760,-25360,135.8,3226.9,59366,6152,22742,14430,0.25,152.8894,0,1,0
Melbourne,VIC,1/09/2020,2020,3,114.6,162.7,18714,18595,119,-18680,-7187,-25867,136.8,3184.4,59713,6375,21544,14507,0.25,159.1138,0,1,0
Melbourne,VIC,1/12/2020,2020,4,114.7,172.5,13116,12886,230,-9880,-3761,-13641,137.6,3266.5,60672,6628,22911,14711,0.1533,172.2885,0,1,0
Melbourne,VIC,1/03/2021,2021,1,114.7,185,18306,18039,268,-3830,-2035,-5865,138,3339.7,63380,6866,23394,14819,0.1,184.1787,0,1,0
Melbourne,VIC,1/06/2021,2021,2,114.1,192.1,17755,17671,85,-4980,-8118,-13098,139.2,3356.9,64382,6758,24841,14924,0.1,193.972,0,1,0
Melbourne,VIC,1/09/2021,2021,3,113.8,200.1,15701,15423,278,13340,-9732,3608,139.9,3355.8,64243,7144,26066,14899,0.1,201.789,0,1,0
Melbourne,VIC,1/12/2021,2021,4,113.4,200.1849862,11411,11301,110,35570,-6756,28814,140.7,3357,65183,7608,26160,14878,0.1,205.1993,0,1,0
Melbourne,VIC,1/03/2022,2022,1,113.7,197.2529624,14187,13959,228,22770,-6298,16472,141.5,3440.9,66870,7813,27448,14991,0.1,201.9656,0,1,0
Melbourne,VIC,1/06/2022,2022,2,113.9,191.4526545,15291,14996,295,38060,-1635,36425,143.5,3475.3,69304,7958,27849,15023,0.3867,192.8721,0,1,0
Melbourne,VIC,1/09/2022,2022,3,115.2,191.4951476,16364,15861,503,37590,-2130,35460,144.6,3491.4,70776,8157,28137,15249,1.78,188.2401,0,1,0
Melbourne,VIC,1/12/2022,2022,4,116.16,190.8789977,12662,12554,108,50020,-1050,48970,145.6,3527,71311,8057,28597,15461,2.8233,190.6032,0,1,0
Melbourne,VIC,1/03/2023,2023,1,117.63,191.8350924,12415,12263,152,34240,-1199,33041,146.6,3563.2,72741,8420,29876,15730,3.31,198.5523,0,1,0
Melbourne,VIC,1/06/2023,2023,2,119.66,192.1325441,14894,14681,213,42220,-1122,41098,148.8,3611.3,74417,8892,30644,16098,3.8267,204.2778,0,1,0
Melbourne,VIC,1/09/2023,2023,3,122.02,195.6169781,16723,15918,805,29180,-1393,27787,149.9,3636.8,75988,9373,30602,16549,4.1,208.2138,0,1,0
Melbourne,VIC,1/12/2023,2023,4,122.83,193.7260353,12475,12366,109,39950,-445,39505,150.8,3657,77095,9063,30903,16957,4.2467,212.9412,0,1,0
Melbourne,VIC,1/03/2024,2024,1,125.32,193.0886388,16849,16654,195,16530,-1282,15248,151.5,3670.4,77366,8929,31356,17349,4.35,217.8063,0,1,0
Melbourne,VIC,1/06/2024,2024,2,127.59,189.7741771,15655,15462,192,22340,-821,21519,153.6,3699,77655,9013,32426,17791,4.35,220.4377,0,1,0
Melbourne,VIC,1/09/2024,2024,3,129.85,191.7076131,15443,15386,57,18380,-655,17725,154.7,3742.8,78697,9371,32267,18175,4.35,219.6487,0,1,0
Perth,WA,1/09/2006,2006,3,68.7,99.8,6312,6024,288,7230,1174,8404,89.3,1077.4,13792,1493,9499,2632,5.9133,80,0,0,0
Perth,WA,1/12/2006,2006,4,69.9,100.3,5353,5208,145,10280,1512,11792,90.2,1081.1,14164,1430,10528,2708,6.1467,80.9,0,0,0
Perth,WA,1/03/2007,2007,1,71.7,98.4,7420,7092,328,6200,1665,7865,91.7,1097.8,14720,1436,11301,2809,6.25,84.3,0,0,0
Perth,WA,1/06/2007,2007,2,73.8,100.2,6323,6098,225,9210,951,10161,93.4,1109.4,15485,1354,11794,2920,6.25,87.5,0,0,0
Perth,WA,1/09/2007,2007,3,75.3,101.2,6660,6379,282,8740,811,9551,94.6,1125.3,15959,1529,12291,3015,6.4,91.2,0,0,0
Perth,WA,1/12/2007,2007,4,77.7,100.1,4642,4450,192,13450,1778,15228,95.5,1131.1,16696,1686,11935,3139,6.65,91.8,0,0,0
Perth,WA,1/03/2008,2008,1,80.3,97.8,5920,5665,254,9770,1533,11303,96.8,1147.4,17238,1722,12717,3268,6.9767,91,0,0,0
Perth,WA,1/06/2008,2008,2,83,95.6,5085,4770,315,13740,1703,15443,98.1,1149.5,17921,1755,13147,3408,7.25,88.7,0,0,0
Perth,WA,1/09/2008,2008,3,85.7,93.4,6425,6152,273,11220,1523,12743,99.9,1178.7,18690,1758,13722,3552,7.1733,87.5,0,0,0
Perth,WA,1/12/2008,2008,4,87.2,93,4380,4197,183,12970,1377,14347,100.7,1194.4,18591,1759,14150,3646,5.2867,86.8,0,0,0
Perth,WA,1/03/2009,2009,1,89.1,95,6332,5970,362,6390,493,6883,101.3,1182.8,18139,1731,13543,3748,3.6167,90.4,0,0,0
Perth,WA,1/06/2009,2009,2,90.7,97.8,5863,5582,282,8170,234,8404,102.1,1179.4,18450,1737,14247,3847,3.02,94.4,0,0,0
Perth,WA,1/09/2009,2009,3,91.6,103.5,5930,5742,188,5300,419,5719,102.9,1166.8,18610,1906,13371,3932,3,99.6,0,0,0
Perth,WA,1/12/2009,2009,4,92.4,106.9,5200,5014,186,8770,829,9599,103.7,1180.3,19119,2201,13433,4012,3.4767,103.209,0,0,0
Perth,WA,1/03/2010,2010,1,93.1,106.7,5532,5145,387,6620,711,7331,104.7,1189.6,19498,2395,13243,4078,3.8267,104.6926,0,0,0
Perth,WA,1/06/2010,2010,2,93.9,103.9,5886,5444,442,8680,1365,10045,106,1196.7,19893,2035,13728,4153,4.3967,103.8676,0,0,0
Perth,WA,1/09/2010,2010,3,94.9,103.8,5910,5444,466,7830,1518,9348,107,1214,20675,2089,13668,4247,4.5,102.3567,0,0,0
Perth,WA,1/12/2010,2010,4,95.5,102.8,5909,5308,601,11200,2003,13203,108,1219.1,21606,2151,14474,4314,4.66,102.0289,0,0,0
Perth,WA,1/03/2011,2011,1,96.1,99.6,6785,5884,901,8700,2010,10710,108.7,1221.8,22403,2190,16131,4390,4.75,101.3277,0,0,0
Perth,WA,1/06/2011,2011,2,97.1,99,4944,4547,397,11920,1443,13363,110.2,1241.4,22998,1807,16503,4465,4.75,99.837,0,0,0
Perth,WA,1/09/2011,2011,3,98,99.5,4977,4774,203,11440,2137,13577,111.2,1250.6,23743,2110,19796,4546,4.75,98.5878,0,0,0
Perth,WA,1/12/2011,2011,4,99.2,100.4,4547,4340,207,15820,2670,18490,112.9,1255,24180,1977,18027,4633,4.52,99.1511,0,0,0
Perth,WA,1/03/2012,2012,1,100.6,101,5447,5220,227,11600,2355,13955,113.9,1285.9,25054,1999,21844,4746,4.25,99.7699,0,0,0
Perth,WA,1/06/2012,2012,2,102.2,102.2,5311,4976,335,13080,1483,14563,115.2,1300.6,26125,2451,22828,4863,3.8533,100.1815,0,0,0
Perth,WA,1/09/2012,2012,3,104.2,105.7,4492,4356,136,9460,1592,11052,116,1305.2,26568,2215,23463,4999,3.5,101.2338,0,0,0
Perth,WA,1/12/2012,2012,4,105.6,107.9,4101,3967,134,12340,1600,13940,117.1,1313.8,26755,2172,22795,5098,3.1833,103.0722,0,0,0
Perth,WA,1/03/2013,2013,1,107.5,111.1,4855,4659,196,7250,999,8249,117.8,1311.7,26868,2348,20577,5231,3,105.5463,0,0,0
Perth,WA,1/06/2013,2013,2,109.9,111.2,5517,5347,171,6300,-33,6267,118.9,1303.3,27053,2352,21285,5370,2.85,108.0979,0,0,0
Perth,WA,1/09/2013,2013,3,111.1,114.5,7007,6516,491,3170,-458,2712,119.5,1304.7,27326,2289,22027,5465,2.6,111.6607,0,0,0
Perth,WA,1/12/2013,2013,4,111.7,115.5,5010,4803,207,7150,-572,6578,120.2,1310.6,27880,2693,20711,5532,2.5,114.534,0,0,0
Perth,WA,1/03/2014,2014,1,112.5,115.5,7672,7434,239,2130,-665,1465,120.6,1304.4,28078,2200,21848,5603,2.5,116.722,0,0,0
Perth,WA,1/06/2014,2014,2,113.1,115.3,6995,6792,204,3940,-696,3244,121.5,1307.7,28040,1998,20374,5676,2.5,118.7932,0,0,0
Perth,WA,1/09/2014,2014,3,113.4,115.3,7086,6954,132,2300,-1057,1243,122.3,1313,27959,2110,19963,5752,2.5,121.3397,0,0,0
Perth,WA,1/12/2014,2014,4,113.4,115.3,6358,6243,115,5620,-1189,4431,122.7,1321.4,27782,2077,20185,5803,2.5,124.7193,0,0,0
Perth,WA,1/03/2015,2015,1,112.6,114.2,8269,7982,287,2210,-1337,873,123.1,1324.8,27467,2195,19545,5821,2.3433,130.728,0,0,0
Perth,WA,1/06/2015,2015,2,112.6,111.4,8546,8382,164,3310,-1426,1884,123.9,1322.5,27354,2168,20079,5876,2.0967,134.4096,0,0,0
Perth,WA,1/09/2015,2015,3,111.6,111.9,9008,8663,345,1600,-2654,-1054,124.5,1317,27262,2090,19268,5885,2,133.617,0,0,0
Perth,WA,1/12/2015,2015,4,110.1,109.9,6394,6084,309,5360,-2515,2845,125.1,1319.5,27584,2116,17399,5879,2,133.0015,0,0,0
Perth,WA,1/03/2016,2016,1,107.6,108.8,8608,8351,256,1360,-3425,-2065,125.3,1315.3,27399,2172,16407,5799,2,134.7943,0,0,0
Perth,WA,1/06/2016,2016,2,106.8,106.8,6588,6486,102,3810,-2395,1415,126,1309.2,27065,2176,14505,5808,1.84,139.1809,0,0,0
Perth,WA,1/09/2016,2016,3,104.5,107.7,6945,6789,156,1440,-3669,-2229,126.2,1292.6,26756,2251,11971,5734,1.59,144.1011,0,0,0
Perth,WA,1/12/2016,2016,4,102.2,106.4,5156,4989,166,5140,-3088,2052,126.6,1292,26071,2162,12686,5671,1.5,148.5361,0,0,0
Perth,WA,1/03/2017,2017,1,99.7,105.8,5189,4836,353,1630,-2749,-1119,127,1303.2,25892,2293,12336,5602,1.5,151.0589,0,1,0
Perth,WA,1/06/2017,2017,2,98.2,104.9,5173,4965,208,3720,-2288,1432,127.7,1317.8,26094,2294,11948,5607,1.5,151.5675,0,1,0
Perth,WA,1/09/2017,2017,3,96.1,106.3,4280,4100,180,1220,-2746,-1526,128.1,1321.5,26243,2337,12310,5581,1.5,150.8515,0,1,0
Perth,WA,1/12/2017,2017,4,94.9,105.2,4459,4320,139,4740,-1861,2879,128.5,1326.9,26734,2236,12372,5581,1.5,150.64,0,1,0
Perth,WA,1/03/2018,2018,1,93.4,105.4,4777,4691,86,2310,-1878,432,128.9,1333.6,27151,2103,11979,5564,1.5,149.0669,0,1,0
Perth,WA,1/06/2018,2018,2,91.7,104.9,4290,3993,296,4360,-847,3513,129.7,1344.8,27268,2035,11759,5522,1.5,146.594,0,1,0
Perth,WA,1/09/2018,2018,3,90.2,104,4517,4375,142,3140,-1913,1227,130.1,1349,27250,2204,11629,5502,1.5,142.227,0,1,0
Perth,WA,1/12/2018,2018,4,89.1,102.6,3501,3419,82,6630,-453,6177,130.5,1352.6,27273,2227,11180,5508,1.5,139.6715,0,1,0
Perth,WA,1/03/2019,2019,1,88.5,101.5,4511,4399,111,3350,-194,3156,130.9,1355.5,27707,2139,10675,5523,1.5,139.5349,0,1,0
Perth,WA,1/06/2019,2019,2,88.3,99.8,3282,3184,98,7900,-195,7705,131.8,1370.4,28211,2050,11750,5567,1.4267,145.1694,0,1,0
Perth,WA,1/09/2019,2019,3,88.2,101.2,4383,4275,109,7630,-304,7326,132.3,1375.3,28677,2209,12029,5599,1.0067,151.9464,0,1,0
Perth,WA,1/12/2019,2019,4,88.1,102,3566,3429,136,10000,505,10505,132.8,1381.9,28790,2213,12153,5652,0.7533,155.3741,0,1,0
Perth,WA,1/03/2020,2020,1,88,101.7,3418,3317,101,-360,262,-98,133,1395.2,29160,2314,12575,5707,0.6433,152.0272,0,1,0
Perth,WA,1/06/2020,2020,2,87.4,103.2,3378,3202,177,-2290,1162,-1128,133.7,1320.6,29071,2163,12185,5736,0.25,152.8894,0,1,0
Perth,WA,1/09/2020,2020,3,87.1,106.3,3132,3004,128,-2150,1722,-428,134.2,1363.8,29458,2107,12404,5774,0.25,159.1138,0,1,0
Perth,WA,1/12/2020,2020,4,87.4,112.1,3020,2941,79,-630,1520,890,134.7,1394.6,30115,2167,12847,5849,0.1533,172.2885,0,1,0
Perth,WA,1/03/2021,2021,1,88,117.7,4124,4011,113,10,-419,-409,135.1,1401.2,30636,2203,14325,5930,0.1,184.1787,0,1,0
Perth,WA,1/06/2021,2021,2,90.3,120.3,3441,3304,137,-570,2553,1983,136.2,1425.5,31361,2529,14567,6111,0.1,193.972,0,1,0
Perth,WA,1/09/2021,2021,3,92.8,123.8,3362,3228,134,240,2910,3150,136.9,1450.1,32145,2638,14692,6275,0.1,201.789,0,1,0
Perth,WA,1/12/2021,2021,4,94.3,125.6191184,3116,2978,138,7230,3541,10771,137.6,1470.4,32771,2658,14822,6405,0.1,205.1993,0,1,0
Perth,WA,1/03/2022,2022,1,96.5,128.677636,3777,3676,101,8830,3096,11926,138.7,1491.9,33625,2907,15507,6572,0.1,201.9656,0,1,0
Perth,WA,1/06/2022,2022,2,98.5,125.6191184,3017,2871,146,14880,3604,18484,140.7,1503.7,34300,2937,15955,6779,0.3867,192.8721,0,1,0
Perth,WA,1/09/2022,2022,3,100.5,128.997481,4164,3946,219,15600,4503,20103,141.8,1513.3,35658,3072,15979,6953,1.78,188.2401,0,1,0
Perth,WA,1/12/2022,2022,4,102.1,130.6566769,3761,3668,93,21000,4439,25439,143.3,1520.9,36039,3166,16439,7093,2.8233,190.6032,0,1,0
Perth,WA,1/03/2023,2023,1,104,133.1554658,4207,3956,251,15260,3981,19241,144.5,1535,37725,3433,16974,7263,3.31,198.5523,0,1,0
Perth,WA,1/06/2023,2023,2,106.72,138.8527047,4882,4725,157,18800,3297,22097,147.2,1546.5,37820,3606,17741,7489,3.8267,204.2778,0,1,0
Perth,WA,1/09/2023,2023,3,109.48,146.6289359,4617,4506,111,14370,3742,18112,148.4,1569.6,39105,3682,19101,7754,4.1,208.2138,0,1,0
Perth,WA,1/12/2023,2023,4,110.96,153.7254965,3878,3767,112,17730,3624,21354,149.3,1585.5,39860,3884,19710,8013,4.2467,212.9412,0,1,0
Perth,WA,1/03/2024,2024,1,114.04,165.5397707,4690,4505,185,8370,3625,11995,150.5,1600.5,40023,3895,19105,8274,4.35,217.8063,0,1,0
Perth,WA,1/06/2024,2024,2,117.37,167.7786856,5946,5781,165,11490,2420,13910,152.3,1609.2,40803,4115,19811,8583,4.35,220.4377,0,1,0
Perth,WA,1/09/2024,2024,3,120.58,173.5958663,6246,6045,201,8590,2943,11533,153.3,1624.6,41689,4619,19530,8890,4.35,219.6487,0,1,0
Sydney,NSW,1/09/2006,2006,3,73.4,83,8080,7895,185,17010,-7790,9220,92.3,3254.6,42250,4181,15634,9720,5.9133,80,1,0,0
Sydney,NSW,1/12/2006,2006,4,74,82.8,7667,7584,82,23020,-6045,16975,93.3,3279.1,43818,3885,15930,9831,6.1467,80.9,1,0,0
Sydney,NSW,1/03/2007,2007,1,74.9,86,7328,7132,195,14640,-6895,7745,93.9,3271.2,44404,3775,16747,9989,6.25,84.3,1,0,0
Sydney,NSW,1/06/2007,2007,2,75.9,88.1,6554,6410,144,20900,-4887,16013,95.2,3304.2,45547,3859,16992,10181,6.25,87.5,1,0,0
Sydney,NSW,1/09/2007,2007,3,77,90.2,8000,7741,260,18340,-5064,13276,95.9,3327.1,46293,3483,17593,10371,6.4,91.2,1,0,0
Sydney,NSW,1/12/2007,2007,4,78,89.7,6919,6830,89,29420,-5324,24096,96.8,3352,46488,4024,17879,10531,6.65,91.8,1,0,0
Sydney,NSW,1/03/2008,2008,1,79.4,88.5,5658,5404,253,18730,-5483,13247,97.6,3394.3,46758,4338,17667,10767,6.9767,91,1,0,0
Sydney,NSW,1/06/2008,2008,2,81.3,86.5,7001,6727,274,25040,-5318,19722,98.7,3413.8,47532,4732,18545,11036,7.25,88.7,1,0,0
Sydney,NSW,1/09/2008,2008,3,82.7,85.1,8041,7747,294,23250,-5380,17870,99.7,3392.1,47687,4953,17633,11270,7.1733,87.5,1,0,0
Sydney,NSW,1/12/2008,2008,4,84.3,83.7,6305,6124,181,23900,-4532,19368,100.5,3392.1,47467,4704,17515,11517,5.2867,86.8,1,0,0
Sydney,NSW,1/03/2009,2009,1,85.7,87.8,7385,7209,176,14570,-3416,11154,101.2,3387.4,47813,4685,17389,11762,3.6167,90.4,1,0,0
Sydney,NSW,1/06/2009,2009,2,87,91.7,5850,5616,234,17710,-2191,15519,102.2,3396.5,47582,4347,17670,11987,3.02,94.4,1,0,0
Sydney,NSW,1/09/2009,2009,3,88.3,96.8,8307,7909,398,13990,-2531,11459,102.6,3408.2,48381,5174,17029,12200,3,99.6,1,0,0
Sydney,NSW,1/12/2009,2009,4,89.1,103.2829,5764,5404,360,17550,-2061,15489,103.6,3404.3,49315,5360,18666,12372,3.4767,103.209,1,0,0
Sydney,NSW,1/03/2010,2010,1,90.1,105.1274,6857,6414,443,7900,-2655,5245,104.2,3417,49757,6571,17546,12570,3.8267,104.6926,1,0,0
Sydney,NSW,1/06/2010,2010,2,91.2,105.0685,7015,6469,546,11970,-2279,9691,105.8,3429.2,51578,5715,18004,12775,4.3967,103.8676,1,0,0
Sydney,NSW,1/09/2010,2010,3,92.5,103.6983,9282,7479,1802,12630,-3815,8815,106.5,3465.7,52387,5727,19050,13011,4.5,102.3567,1,0,0
Sydney,NSW,1/12/2010,2010,4,93.6,103.918,8290,7064,1226,17960,-3346,14614,107.6,3510.6,53077,5586,18654,13246,4.66,102.0289,1,0,0
Sydney,NSW,1/03/2011,2011,1,95.2,103.5697,7780,6868,911,9120,-4000,5120,108.2,3527.2,54035,5508,19075,13554,4.75,101.3277,1,0,0
Sydney,NSW,1/06/2011,2011,2,96.6,102.7143,8323,7721,602,14100,-3698,10402,109.5,3490.5,54667,5043,18621,13821,4.75,99.837,1,0,0
Sydney,NSW,1/09/2011,2011,3,98.1,101.6691,6988,6514,474,12990,-5000,7990,110.5,3510.8,55408,5095,18848,14105,4.75,98.5878,1,0,0
Sydney,NSW,1/12/2011,2011,4,99.4,102.452,6019,5905,113,17900,-4949,12951,111.4,3513.6,55473,5111,19314,14331,4.52,99.1511,1,0,0
Sydney,NSW,1/03/2012,2012,1,100.6,103.3385,6903,6617,287,12240,-4470,7770,112,3526.2,56951,4977,18730,14561,4.25,99.7699,1,0,0
Sydney,NSW,1/06/2012,2012,2,101.9,104.2621,7469,7191,277,16540,-3785,12755,113.5,3529.2,56768,5706,19558,14805,3.8533,100.1815,1,0,0
Sydney,NSW,1/09/2012,2012,3,102.8,105.6004,9731,9607,124,16460,-3719,12741,114,3547.1,56400,5317,19886,14970,3.5,101.2338,1,0,0
Sydney,NSW,1/12/2012,2012,4,103.8,107.5198,7102,7034,68,20700,-3726,16974,114.6,3564,57014,5608,20165,15166,3.1833,103.0722,1,0,0
Sydney,NSW,1/03/2013,2013,1,104.6,110.729,8761,8665,96,13070,-3416,9654,115.1,3599.9,57197,5599,19602,15317,3,105.5463,1,0,0
Sydney,NSW,1/06/2013,2013,2,105.9,114.8747,9430,9154,276,18630,-1712,16918,116.1,3609.3,57743,1675,23494,15526,2.85,108.0979,1,0,0
Sydney,NSW,1/09/2013,2013,3,106.5,120.2781,10983,10882,101,15180,-2467,12713,116.8,3593.3,57887,5517,19578,15682,2.6,111.6607,1,0,0
Sydney,NSW,1/12/2013,2013,4,107.3,124.9587,8308,8235,73,21800,-958,20842,117.6,3575.8,59117,5497,20150,15841,2.5,114.534,1,0,0
Sydney,NSW,1/03/2014,2014,1,108.1,128.71,10260,10145,115,11380,-1614,9766,118,3607.4,60016,6136,21223,16007,2.5,116.722,1,0,0
Sydney,NSW,1/06/2014,2014,2,109.1,132.7729,12833,12743,90,19300,-1184,18116,119.1,3612.9,60709,4027,22341,16220,2.5,118.7932,1,0,0
Sydney,NSW,1/09/2014,2014,3,109.9,137.2009,13033,12698,335,15870,-1827,14043,119.6,3612.9,61400,5403,22174,16394,2.5,121.3397,1,0,0
Sydney,NSW,1/12/2014,2014,4,110.7,142.8551,10158,9936,222,22900,-1663,21237,120.1,3625.4,61769,5167,22614,16608,2.5,124.7193,1,0,0
Sydney,NSW,1/03/2015,2015,1,111.2,153.3535,11660,11313,347,12240,-2103,10137,120.5,3645.5,61996,5293,23392,16750,2.3433,130.728,1,0,0
Sydney,NSW,1/06/2015,2015,2,111.8,159.6257,14204,14123,82,20480,-2006,18474,121.7,3686.8,62965,5687,23442,16918,2.0967,134.4096,1,0,0
Sydney,NSW,1/09/2015,2015,3,112.6,156.8451,12006,11810,196,17230,-3130,14100,122.1,3730.4,64107,5963,23299,17100,2,133.617,1,0,0
Sydney,NSW,1/12/2015,2015,4,113.2,154.1824,10240,10052,187,26060,-3262,22798,122.6,3786.3,64995,6128,24107,17269,2,133.0015,1,0,0
Sydney,NSW,1/03/2016,2016,1,113.8,156.8336,17028,16845,183,16250,-3138,13112,123.1,3793,65735,6553,25442,17413,2,134.7943,1,0,0
Sydney,NSW,1/06/2016,2016,2,114.3,165.9716,15500,15331,170,30130,-2454,27676,124.2,3816.4,65598,6444,26005,17566,1.84,139.1809,1,0,0
Sydney,NSW,1/09/2016,2016,3,115.4,174.4772,17830,16935,895,23770,-4462,19308,124.7,3808,66701,6831,25793,17763,1.59,144.1011,1,0,0
Sydney,NSW,1/12/2016,2016,4,116,181.9925,14571,14435,136,33050,-4608,28442,125.2,3800.4,66809,8305,24714,17999,1.5,148.5361,1,0,0
Sydney,NSW,1/03/2017,2017,1,116.6,184.9708,15562,15442,120,18560,-4440,14120,125.6,3789.9,67692,6877,25875,18268,1.5,151.0589,1,1,1
Sydney,NSW,1/06/2017,2017,2,117.2,184.3229,15441,15296,144,28130,-4092,24038,126.8,3834.6,68656,7103,26706,18559,1.5,151.5675,1,1,1
Sydney,NSW,1/09/2017,2017,3,118,180.0897,16084,15915,170,15190,-6843,8347,127.2,3867.4,69454,7915,27083,18861,1.5,150.8515,1,1,1
Sydney,NSW,1/12/2017,2017,4,118.8,178.6064,16583,16334,249,30280,-5942,24338,127.8,3910.2,70475,7601,28006,19192,1.5,150.64,1,1,1
Sydney,NSW,1/03/2018,2018,1,119.4,175.4677,16955,16799,156,17050,-5622,11428,128.3,3925.7,71370,7583,28250,19470,1.5,149.0669,1,1,1
Sydney,NSW,1/06/2018,2018,2,119.8,171.9632,20118,20013,104,27550,-4749,22801,129.8,3960.3,72458,7655,28326,19745,1.5,146.594,1,1,1
Sydney,NSW,1/09/2018,2018,3,120.2,164.5727,20936,20694,242,18020,-7098,10922,130.3,3982.1,73586,8706,28998,20018,1.5,142.227,1,1,1
Sydney,NSW,1/12/2018,2018,4,120.5,160.6855,14474,14384,90,26960,-6209,20751,130.8,4010.6,74636,8362,28201,20281,1.5,139.6715,1,1,1
Sydney,NSW,1/03/2019,2019,1,120.2,161.0803,19155,18979,176,12030,-5774,6256,131.3,4052.7,76320,8857,28321,20425,1.5,139.5349,1,1,1
Sydney,NSW,1/06/2019,2019,2,120.2,170.9669,15208,15130,79,23290,-5164,18126,132.6,4082.1,77163,8293,28392,20657,1.4267,145.1694,1,1,1
Sydney,NSW,1/09/2019,2019,3,119.9,182.4944,17880,17829,51,17010,-7466,9544,133.1,4090.6,77230,8860,27542,20781,1.0067,151.9464,1,1,1
Sydney,NSW,1/12/2019,2019,4,119.5,188.2437,11817,11670,147,21510,-5647,15863,133.6,4065.1,78368,8756,27793,20949,0.7533,155.3741,1,1,1
Sydney,NSW,1/03/2020,2020,1,119,182.5325,15030,14922,108,-3920,-4173,-8093,133.6,4073.8,78692,8495,26971,21087,0.6433,152.0272,1,1,1
Sydney,NSW,1/06/2020,2020,2,116.6,183.2481,14154,14122,31,-10170,-3615,-13785,134.4,3849.4,77353,7872,25552,20931,0.25,152.8894,1,1,1
Sydney,NSW,1/09/2020,2020,3,116.2,190.7059,12184,12094,90,-490,-5230,-5720,134.9,3960.4,78853,8485,26516,21070,0.25,159.1138,1,1,1
Sydney,NSW,1/12/2020,2020,4,116.2,210.7732,12044,11957,87,-810,-4421,-5231,135.6,4008.5,80443,8718,27571,21324,0.1533,172.2885,1,1,1
Sydney,NSW,1/03/2021,2021,1,115.6,229.4772,12820,12644,176,4130,631,4761,136,4045.6,81736,8548,30290,21565,0.1,184.1787,1,1,1
Sydney,NSW,1/06/2021,2021,2,114.9,243.4691,10910,10821,89,-5890,-4685,-10575,137.2,4081,82952,8748,31493,21710,0.1,193.972,1,1,1
Sydney,NSW,1/09/2021,2021,3,114.3,251.7969,13347,13225,122,15300,-6393,8907,138.1,3943.9,81609,8861,30149,21714,0.1,201.789,1,1,1
Sydney,NSW,1/12/2021,2021,4,114,252.0012,10195,10105,90,36170,-9792,26378,138.9,4006.9,85608,9135,32248,21811,0.1,205.1993,1,1,1
Sydney,NSW,1/03/2022,2022,1,114.2,242.2302,10740,10601,139,25150,-4679,20471,139.6,4129,86755,9356,32928,21948,0.1,201.9656,1,1,1
Sydney,NSW,1/06/2022,2022,2,114.6,227.2213,12823,12637,186,43460,-8167,35293,141.5,4200.8,89431,10252,33644,22115,0.3867,192.8721,1,1,1
Sydney,NSW,1/09/2022,2022,3,116.1,221.4322,12864,12783,81,42550,-10665,31885,142.7,4253.9,92159,10180,34390,22523,1.78,188.2401,1,1,1
Sydney,NSW,1/12/2022,2022,4,117.82,226.3691,11284,11176,108,52440,-8151,44289,143.7,4317,94469,10528,34765,22960,2.8233,190.6032,1,1,1
Sydney,NSW,1/03/2023,2023,1,119.88,240.1741,11644,11466,178,39600,-8316,31284,144.4,4322.6,95937,10674,35395,23431,3.31,198.5523,1,1,1
Sydney,NSW,1/06/2023,2023,2,122.88,246.9826,12263,12110,153,48630,-6744,41886,146.9,4362.9,98009,11740,37102,24133,3.8267,204.2778,1,1,1
Sydney,NSW,1/09/2023,2023,3,126.07,249.5253,12555,12419,136,31490,-8427,23063,148.8,4374.6,100224,12312,36886,24889,4.1,208.2138,1,1,1
Sydney,NSW,1/12/2023,2023,4,127.69,254.1985,9824,9750,75,38260,-7063,31197,149.7,4417.6,101369,11905,36789,25531,4.2467,212.9412,1,1,1
Sydney,NSW,1/03/2024,2024,1,130.38,258.745,12223,12117,107,14730,-7511,7219,150.4,4402.8,102590,11884,37586,26075,4.35,217.8063,1,1,1
Sydney,NSW,1/06/2024,2024,2,132.93,260.8503,11279,11192,87,26210,-5578,20632,152.2,4413.5,102920,11638,37775,26728,4.35,220.4377,1,1,1
Sydney,NSW,1/09/2024,2024,3,135.09,257.3446,12458,12321,137,19090,-7966,11124,153.1,4454.3,103516,12133,38142,27259,4.35,219.6487,1,1,1
